,Country Name,Country Code,2000,2001,2002,2003,2004,2005,2006,2007,2008,2009,2010,2011,2012,2013,2014,2015,2016,2017,2018,2019
0,Aruba,ABW,4.714680194854741,4.73986005783081,4.92364978790283,,4.4084801673889205,4.68132019042969,,4.81504011154175,4.9992299079895,5.924789905548099,6.9292697906494105,6.1191301345825195,6.549059867858889,6.505380153656009,5.90521001815796,5.97570991516113,5.52414989471436,,,
1,Afghanistan,AFG,,,,,,,,,,,3.4794499874115004,3.4620099067688,2.60419988632202,3.45445990562439,3.69521999359131,3.2558000087737997,4.22836017608643,4.0588698387146005,,
2,Angola,AGO,2.60753011703491,,,,,2.12011003494263,2.28146004676819,,,,3.4213199615478502,,,,,,,,,
3,Albania,ALB,3.4301700592041002,3.45869994163513,3.11779999732971,3.13824009895325,3.22751998901367,3.2815499305725098,3.1914598941802996,3.27592992782593,,,,,,3.53929996490479,,3.4379699230194105,3.96209001541138,3.61172008514404,,
4,Andorra,AND,,,1.6597100496292099,,1.54411995410919,1.64497005939484,2.24489998817444,2.10469007492065,2.8739299774169904,3.1429200172424303,2.9766299724578897,2.98706007003784,,2.50616002082825,3.0742099285125697,3.2803499698638903,3.23707008361816,3.21708989143372,3.2467200756073,3.15161991119385
5,Arab World,ARB,,,,,4.67072010040283,,,,4.33701992034912,,,,,,,,,,,
6,United Arab Emirates,ARE,,,,,,,,,,,,,,,,,,,,
7,Argentina,ARG,4.580309867858889,4.833740234375,4.01734018325806,3.5350499153137203,3.4865200519561803,3.8600099086761497,4.12821006774902,4.46260023117065,4.8444099426269505,5.53105020523071,5.019710063934331,5.290629863739009,5.34582996368408,5.43661022186279,5.3614401817321795,5.776110172271731,5.54548978805542,5.46223020553589,,
8,Armenia,ARM,2.7727301120758097,2.46943998336792,2.13504004478455,2.1450400352478,2.48673009872437,2.71202993392944,2.71577000617981,3.01893997192383,3.17272996902466,3.84079003334045,3.24900007247925,3.14385008811951,2.77248001098633,2.65018010139465,2.24724006652832,2.8059101104736297,2.7581200599670397,2.70759010314941,,
9,American Samoa,ASM,,,,,,,,,,,,,,,,,,,,
10,Antigua and Barbuda,ATG,,,3.39427995681763,,,,,,,2.51724004745483,,,,,,,,,,
11,Australia,AUS,4.89146995544434,,,,,4.91029977798462,4.75019979476929,4.66089010238647,4.63776016235352,5.08582019805908,5.55005979537964,5.07451009750366,4.86899995803833,5.22974014282227,5.164770126342769,5.31127023696899,5.2767801284789995,5.124249935150151,,
12,Austria,AUT,5.588809967041019,5.57547998428345,5.52213001251221,5.36183023452759,5.302430152893071,5.249370098114009,5.22652006149292,5.1469001770019505,5.26395988464355,5.73024988174438,5.70047998428345,5.59226989746094,5.48040008544922,5.547110080718991,5.4476199150085405,5.45658016204834,5.48435020446777,5.35803985595703,,
13,Azerbaijan,AZE,3.8539900779724103,3.50342011451721,3.1544599533081095,3.2861499786377,3.44770002365112,2.97462010383606,2.5555200576782204,2.5492799282073997,2.44092988967896,3.2243099212646498,2.7806200981140097,2.43564009666443,2.06763005256653,2.44213008880615,2.63303995132446,2.9516799449920694,2.9034099578857404,2.47381997108459,2.45543003082275,
14,Burundi,BDI,2.64547991752625,2.90390992164612,3.0049300193786603,,3.7449600696563703,3.6321599483490004,,,5.19290018081665,6.1719498634338406,6.77524995803833,6.31925010681152,6.16786003112793,5.99535989761353,6.78452014923096,6.37054014205933,4.69199991226196,4.76202011108398,5.07864999771118,
15,Belgium,BEL,,,,,,5.79585981369019,,,6.33294010162354,6.4580998420715305,6.442590236663821,6.43199014663696,,6.630529880523679,6.59046983718872,6.4515700340271,6.459539890289309,6.412280082702639,,
16,Benin,BEN,2.11366009712219,2.36509990692139,2.15949010848999,2.2831599712371804,2.56690001487732,2.6566801071167,2.5634000301361097,2.36331009864807,2.77728009223938,3.0892701148986803,3.6799700260162402,,3.56202006340027,3.3275101184845,3.161789894104,3.1729800701141397,2.8991000652313197,3.5355899333953897,2.93396997451782,
17,Burkina Faso,BFA,,,,,,3.94113993644714,3.98218989372253,4.07983016967773,,,3.50222992897034,3.9851500988006605,3.60315990447998,4.08343982696533,4.05329990386963,3.67008996009827,,5.60346984863281,5.38379001617432,
18,Bangladesh,BGD,2.1250801086425803,2.1719300746917702,2.01714992523193,2.06939005851746,1.9401400089263898,,2.13128995895386,2.20221996307373,2.0545699596405,1.9394199848175002,,2.13269996643066,2.1754999160766597,1.96616005897522,,,1.5355399847030602,,,1.32632005214691
19,Bulgaria,BGR,,3.3842399120330797,3.38608002662659,3.9984500408172594,2.31995010375977,4.10879993438721,3.90346002578735,3.6826400756835898,4.2223801612853995,4.27628993988037,3.8823900222778303,3.56643009185791,3.4948499202728303,4.07420015335083,,,,4.0925002098083505,,
20,Bahrain,BHR,,,,,,,2.87440991401672,2.5750000476837203,2.49677991867065,,,,2.64530992507935,2.47689008712769,2.46745991706848,2.66808009147644,,2.32781004905701,,
21,"Bahamas, The",BHS,2.23284006118774,,,,,,,,,,,,,,,,,,,
22,Bosnia and Herzegovina,BIH,,,,,,,,,,,,,,,,,,,,
23,Belarus,BLR,6.19661998748779,,,,5.7122597694397,5.8710298538208,6.07696008682251,5.15210008621216,,4.3689398765564,5.22003984451294,4.68479013442993,4.95964002609253,5.0094199180603,4.8183097839355495,4.78751993179321,4.94654989242554,4.79499006271362,,
24,Belize,BLZ,5.028429985046389,5.79708003997803,,5.24905014038086,5.336309909820559,,,,5.7726302146911594,6.17812013626099,6.71981000900269,,,6.425360202789309,6.61472988128662,6.8888897895813,7.28477001190186,7.50989007949829,7.561490058898929,
25,Bermuda,BMU,,,,1.6662700176238998,1.7758799791336102,1.98877000808716,,,,2.61519002914429,2.64421010017395,,,,1.78285002708435,1.69860005378723,,1.50039005279541,,
26,Bolivia,BOL,,,,,,,,,,,,,,,,,,,,
27,Brazil,BRA,3.94893002510071,3.84468007087708,3.7503700256347696,,3.9744799137115496,4.47908020019531,4.87060022354126,4.97425985336304,5.26883983612061,5.4635500907897905,5.648799896240231,5.73741006851196,5.85510015487671,5.8388500213623,5.948480129241941,6.24105978012085,6.314040184021,6.32254981994629,,
28,Barbados,BRB,4.71585988998413,6.05536985397339,5.880620002746579,6.245699882507321,6.0242800712585405,5.669650077819821,,5.22038984298706,4.92259979248047,5.1161799430847195,6.0543999671936,,5.26274013519287,5.14899015426636,6.143499851226809,,4.9513897895813,4.36638021469116,,
29,Brunei Darussalam,BRN,3.7059099674224902,,,,,,,,,,2.0466101169586204,3.3220999240875204,2.88959002494812,,3.3531899452209504,,4.42540979385376,,,
30,Bhutan,BTN,5.513790130615231,5.91572999954224,,,6.60906982421875,7.28714990615845,,,4.9115900993347195,4.74174022674561,4.12473011016846,4.76523017883301,,5.72275018692017,6.04489994049072,7.5900998115539595,6.99333000183105,7.2257399559021,6.85084009170532,
31,Botswana,BWA,,,,,,10.6785898208618,,8.85149002075195,,9.63292026519775,,,,,,,,,,
32,Central African Republic,CAF,1.6126500368118302,,1.5195699930191002,1.53980004787445,1.6245299577713002,1.6522200107574498,1.41506004333496,1.31332004070282,1.29000997543335,1.25458002090454,1.11760997772217,1.10792005062103,,,,,,,,
33,Canada,CAN,5.44199991226196,4.96956014633179,5.010729789733889,,,4.78214979171753,,4.78036022186279,4.63825988769531,4.85264015197754,5.36992979049683,5.27443981170654,,,,,,,,
34,Central Europe and the Baltics,CEB,4.86840009689331,5.0778098106384295,5.1792302131652805,5.07451009750366,4.86113023757935,4.8131599426269505,4.71378993988037,4.5905499458313,4.834539890289309,4.95804023742676,4.7612099647522,4.59010982513428,4.46677517890931,4.5648698806762695,4.61743021011353,4.812260150909419,4.6553897857666,4.0925002098083505,,
35,Switzerland,CHE,4.7814002037048295,4.95980978012085,5.31429004669189,5.52375984191895,5.4457302093505895,5.20410013198853,4.9615797996521,4.68737983703613,4.86799001693726,5.04118013381958,4.926050186157231,4.9698600769042995,5.03337001800537,5.04048013687134,5.05122995376587,5.10057020187378,5.104730129241941,5.13018989562988,,
36,Channel Islands,CHI,,,,,,,,,,,,,,,,,,,,
37,Chile,CHL,3.77583003044128,,4.08121013641357,3.9634599685668905,3.5383899211883505,3.26283001899719,3.0215299129486097,3.2137899398803698,3.79242992401123,4.23064994812012,4.162089824676509,4.04518985748291,,4.52942991256714,4.73094987869263,4.87530994415283,5.3420100212097195,5.4194598197937,,
38,China,CHN,,,,,,,,,,,,,,,,,,,,
39,Cote d'Ivoire,CIV,3.70367002487183,3.66867995262146,4.09033012390137,3.96798992156982,4.1278600692749,4.10575008392334,4.00150012969971,4.2583298683166495,4.34125995635986,4.41245985031128,4.55346012115479,4.13754987716675,4.65410995483398,4.72900009155273,4.57742977142334,3.4941599369049103,3.9723200798034703,3.80347990989685,3.2560300827026403,
40,Cameroon,CMR,1.77991998195648,2.42418003082275,,3.09141993522644,3.0136399269104,2.8871700763702406,2.74145007133484,3.07522988319397,2.61118006706238,3.10942006111145,2.99365997314453,2.7667698860168497,2.6971800327301003,2.76801991462708,2.6871299743652304,2.76804995536804,2.6542301177978502,3.15481996536255,3.13120007514954,
41,"Congo, Dem. Rep.",COD,,,,,,,,,,,1.5249799489975,,,2.0622100830078103,1.9514299631118799,2.17043995857239,2.1186900138855003,1.45494997501373,,
42,"Congo, Rep.",COG,,,3.20831990242004,2.8361599445343,2.28813004493713,1.83577001094818,,,,,6.22078990936279,,,,4.0171999931335405,4.56147003173828,,5.465050220489499,3.51104998588562,
43,Colombia,COL,3.5112099647522004,3.7086799144744904,4.26812982559204,4.325139999389649,4.079349994659419,4.02098989486694,3.91671991348267,4.08301019668579,3.9387800693512003,4.776519775390629,4.83382987976074,4.46608018875122,4.37038993835449,4.8785500526428205,4.629459857940669,4.47038984298706,4.47721004486084,4.535510063171389,4.4574899673461905,
44,Comoros,COM,,,2.25841999053955,,,,,,4.42264986038208,,,2.8304500579833998,2.74783992767334,2.3827600479126,2.7447299957275404,2.5450599193573,,,,
45,Cabo Verde,CPV,,,7.87682008743286,,7.47664022445679,,6.52960014343262,5.407549858093259,5.51800012588501,5.3089599609375,5.56728982925415,5.0436100959777805,,5.001440048217769,4.96387004852295,5.26691007614136,5.2887902259826705,5.18174982070923,,
46,Costa Rica,CRI,4.68696022033691,4.85109996795654,5.17354011535645,5.1563601493835405,4.91217994689941,,4.63918018341064,4.65889978408813,4.9171199798584,6.046350002288821,6.6344499588012695,6.455349922180179,6.6898398399353,6.84933996200562,6.86952018737793,7.0825400352478,7.09768009185791,7.315720081329349,6.97856998443604,7.04875993728638
47,Caribbean small states,CSS,3.86956000328064,4.22316002845765,4.45911991596222,3.6967248916626,3.91254997253418,4.61641979217529,,5.49022006988525,6.19131994247437,6.198480129241941,6.37060022354126,6.26664018630981,6.112460136413571,6.25108003616333,6.016540050506589,5.45577001571655,5.31508016586304,5.2606201171875,5.414780139923099,5.16918992996216
48,Cuba,CUB,7.70481014251709,8.358090400695799,9.57116985321045,9.9408597946167,10.2682304382324,10.5577802658081,9.057169914245609,11.8682098388672,14.059080123901401,13.1248598098755,12.837309837341301,,,,,,,,,
49,Curacao,CUW,,,,,,,,,,,,,,4.93095016479492,,,,,,
50,Cayman Islands,CYM,,,,,,,,,,,,,,,,,,,,
51,Cyprus,CYP,4.989540100097661,5.115520000457759,5.581669807434079,6.6702299118042,6.11772012710571,6.2866702079772905,6.3302698135376,6.28082990646362,6.722760200500491,7.205450057983401,6.542799949646,6.53853988647461,,6.48377990722656,6.4485001564025906,6.346360206604,6.16379976272583,5.7771902084350595,,
52,Czech Republic,CZE,3.65089011192322,3.7485499382019003,3.97255992889404,4.13642978668213,4.01423978805542,3.89037990570068,4.21710014343262,3.86663007736206,3.7445499897003196,4.17127990722656,4.06445980072021,4.27214002609253,4.250860214233399,4.0908899307251,3.9946200847625697,5.7888498306274405,5.58737993240356,3.8540201187133802,,
53,Germany,DEU,,,,,,,4.2939600944519,4.36679983139038,4.43594980239868,4.90951013565063,4.94367980957031,4.82487010955811,4.95658016204834,4.9611101150512695,4.93962001800537,4.83498001098633,4.8402199745178205,4.9051198959350595,,
54,Djibouti,DJI,9.65999984741211,7.80542993545532,8.44760036468506,8.88984966278076,9.26467037200928,8.36588954925537,8.27877998352051,8.40625,,,4.4902200698852495,,,,,3.5902400016784703,3.92439007759094,3.74855995178223,3.62773990631104,
55,Dominica,DMA,,,,,,,,,,,,,,,,3.40858006477356,,,,5.57345008850098
56,Denmark,DNK,8.08434009552002,8.21545028686523,8.2130298614502,8.12193012237549,8.207630157470701,8.08557033538818,7.7299098968505895,7.615600109100339,7.476049900054929,8.44888019561768,8.55955028533936,8.484860420227049,7.23782014846802,8.49442958831787,7.634850025176999,,,7.81608009338379,,
57,Dominican Republic,DOM,1.88829004764557,1.96782994270325,1.9140100479126,1.8446500301361102,,,,2.0467898845672603,,,,,,,,,,,,
58,Algeria,DZA,,,,,,,,,4.33701992034912,,,,,,,,,,,
59,East Asia & Pacific (excluding high income),EAP,4.20893001556396,2.69233500957489,2.89222002029419,,2.74847006797791,,,3.07841992378235,3.5085000991821302,3.8619399070739706,4.07677006721497,4.60902976989746,4.8659598827362105,4.53239512443542,,,,,,
60,Early-demographic dividend,EAR,3.98310995101929,4.08877992630005,3.4077301025390603,3.57422995567322,3.41953003406525,,4.00178003311157,3.56352996826172,4.12538993358612,,4.02741003036499,3.7961800098419203,3.71247005462646,,,,,,,
61,East Asia & Pacific,EAS,,3.49978005886078,3.86491990089417,,3.65276002883911,,,3.3927450180053698,3.41382503509521,4.39212989807129,3.63949990272522,4.1258049011230495,4.53670978546143,4.12402009963989,4.15271997451782,,,,,
62,Europe & Central Asia (excluding high income),ECA,3.34339499473572,3.3842399120330797,3.1544599533081095,3.2861499786377,3.22751998901367,3.6420300006866495,3.4035000801086404,3.54795503616333,4.101749897003169,4.27628993988037,,4.08673501014709,3.90556514263154,,,3.81152498722077,3.86126506328583,4.0925002098083505,,
63,Europe & Central Asia,ECS,4.16614007949829,4.65009021759033,4.4389348030090305,4.67322993278504,4.7387900352478,4.87383985519409,4.82054996490479,4.67206001281738,4.88065004348755,5.05774998664856,5.22003984451294,4.9698600769042995,4.81181001663208,5.02495002746582,5.12400007247925,4.88554000854492,4.82100009918213,4.78323984146118,,
64,Ecuador,ECU,1.15093004703522,,,,,,,,,4.342420101165771,4.50743007659912,4.72689008712769,4.64307022094727,5.00464010238647,5.26099014282227,4.99870014190674,,,,
65,"Egypt, Arab Rep.",EGY,,,,4.945630073547361,4.67072010040283,4.79442977905273,4.00178003311157,3.6846098899841295,3.76082992553711,,,,,,,,,,,
66,Euro area,EMU,4.58512020111084,5.22460985183716,5.25871992111206,5.07451009750366,4.9618649482727095,4.97356986999512,4.82054996490479,4.68449020385742,5.109519958496089,5.56314992904663,5.47338008880615,5.1270899772644,4.95658016204834,5.33460998535156,5.27489995956421,4.90953016281128,4.82100009918213,4.93924999237061,,
67,Eritrea,ERI,,4.04716014862061,3.52390003204346,,3.14896988868713,,2.12700009346008,,,,,,,,,,,,,
68,Spain,ESP,4.16604995727539,4.1112699508667,4.13457012176514,4.1734299659728995,4.157859802246089,4.1443200111389205,4.184820175170899,4.25404977798462,4.52805995941162,4.91200017929077,4.856080055236821,4.896920204162599,4.4693398475647,4.35101985931396,4.30338001251221,4.28657007217407,4.22764015197754,4.20773983001709,,
69,Estonia,EST,5.33242988586426,5.22460985183716,5.43131017684937,5.27117013931274,4.877349853515629,4.8131599426269505,,4.62063980102539,5.47737979888916,5.926519870758059,5.47338008880615,4.9699201583862305,4.6826901435852095,4.81267023086548,5.3670802116394,5.10685014724731,5.17053985595703,4.973380088806151,,
70,Ethiopia,ETH,3.98310995101929,3.7002899646758998,3.6324501037597696,,,,5.49096012115479,5.451129913330081,5.40819978713989,4.4220700263977095,4.49659013748169,5.48576021194458,5.56678009033203,4.4985499382019,4.6020197868347195,4.73791980743408,,,,
71,European Union,EUU,4.86840009689331,5.0778098106384295,5.1792302131652805,5.07451009750366,4.9618649482727095,5.073949813842769,4.86410999298096,4.68449020385742,5.02904987335205,5.55496978759766,5.312739849090581,4.9699201583862305,4.88060998916626,4.9611101150512695,5.12400007247925,4.8975350856781,4.80178022384644,4.7251698970794695,,
72,Fragile and conflict affected situations,FCS,,,,,,,,,,,2.7447099685668905,,,3.2592300176620497,,,,3.7873098850250204,,
73,Finland,FIN,5.7093000411987305,5.84025001525879,6.016779899597171,6.16743993759155,6.157579898834231,6.02507019042969,5.92838001251221,5.671259880065921,5.83010005950928,6.45955991744995,6.504449844360349,6.44504976272583,7.1480398178100595,7.12404012680054,7.1023697853088406,7.032080173492429,6.8515300750732395,6.3762102127075195,,
74,Fiji,FJI,5.8572502136230495,5.61713981628418,6.24382019042969,,6.164929866790769,5.12197017669678,5.607140064239499,5.84843015670776,4.25357007980347,4.49847984313965,,4.17305994033813,,3.88288998603821,,,,,,
75,France,FRA,,,,,,,,,,,,,,,,,,5.45160007476807,,
76,Faroe Islands,FRO,,,,,,,,,,,,,,,,,,,,
77,"Micronesia, Fed. Sts.",FSM,6.70687007904053,,,,,,,,,,,,,,,12.407919883728,,,,
78,Gabon,GAB,3.82709002494812,,,,,,,,,,3.0780899524688703,2.987459897995,3.01340007781982,3.02971005439758,2.66667008399963,,,,,
79,United Kingdom,GBR,4.03118991851807,4.1192297935485795,4.63886976242065,4.804669857025151,4.7387900352478,4.93913984298706,4.985310077667241,4.91482019424438,4.89331007003784,5.07431983947754,5.70323991775513,5.59523010253906,,5.529799938201901,5.59899997711182,5.55615997314453,5.42670011520386,5.442090034484861,,
80,Georgia,GEO,2.1810500621795703,2.13750004768372,2.23501992225647,2.06559991836548,2.9142000675201403,2.4843199253082298,3.00364995002747,2.69687008857727,2.9195499420166002,3.22237992286682,,2.5761399269104,1.9061000347137498,,,,3.59386992454529,3.57442998886108,3.5210599899292006,
81,Ghana,GHA,,5.35444021224976,,,7.53558015823364,7.42208003997803,5.25982999801636,5.519869804382321,5.75795984268188,5.31744003295898,5.5405998229980495,8.14097023010254,7.9191398620605495,4.60710000991821,4.49181985855103,4.51089000701904,4.48683023452759,3.61798000335693,3.98943996429443,
82,Gibraltar,GIB,,,,,,,,,,,,,,,,,,,,
83,Guinea,GIN,2.59340000152588,2.08190989494324,2.5938699245452903,2.37102007865906,2.2100000381469704,1.84906005859375,,,1.58112001419067,2.20725011825562,2.55118989944458,2.28742003440857,1.8337099552154499,2.6342101097106903,2.4228100776672403,2.51713991165161,2.54455995559692,2.3176500797271697,2.3159399032592796,
84,"Gambia, The",GMB,1.46587002277374,1.1581000089645401,1.44291996955872,1.36337995529175,0.622470021247864,0.6918799877166751,0.7516300082206729,0.816860020160675,2.18129992485046,1.90813994407654,2.56322002410889,2.50116991996765,2.6375699043273904,1.8183900117874099,2.23094010353088,2.16002988815308,2.0244300365448002,,2.42030000686646,
85,Guinea-Bissau,GNB,,,,,,,,,,,1.86082005500793,1.8578599691391,2.00106000900269,2.13248991966248,,,,,,
86,Equatorial Guinea,GNQ,,,,,,,,,,,,,,,,,,,,
87,Greece,GRC,3.23019003868103,3.36457991600037,3.4243099689483603,3.42933988571167,3.6671900749206503,3.96395993232727,,,,,,,,,,,,,,
88,Grenada,GRD,,,,3.9267399311065696,,,,,,,,,,,,,,3.17379999160767,,
89,Greenland,GRL,,,,,,,,,,,,,,,,,,,,
90,Guatemala,GTM,,,,,,,2.9840099811553995,3.0387399196624796,3.18454003334045,,2.8030600547790496,2.9201400279998797,2.95785999298096,2.88808989524841,2.9856200218200697,3.03032994270325,2.9447400569915803,2.951819896698,3.1409299373626696,3.2121999263763397
91,Guam,GUM,,,,,,,,,,,,,,,,,,,,
92,Guyana,GUY,8.48414993286133,8.39729976654053,8.36553955078125,6.9559001922607395,5.512939929962161,8.13973045349121,5.08925008773804,3.75261998176575,,3.3027400970458998,3.6385500431060804,3.59204006195068,3.18242001533508,,5.84795999526978,5.21482992172241,6.06099987030029,6.2300701141357395,5.4935798645019505,
93,High income,HIC,4.67240500450134,4.9310097694397,4.80590009689331,4.804669857025151,4.86924004554749,4.89174485206604,4.785374879837041,4.674134969711299,4.85126495361328,5.07431983947754,5.312739849090581,4.9698600769042995,4.8404049873352095,4.96561002731324,5.05122995376587,5.00505018234253,5.01359987258911,4.93924999237061,,
94,"Hong Kong SAR, China",HKG,,3.90370011329651,4.01554012298584,4.28529977798462,4.5589599609375,4.134630203247069,3.84278988838196,3.45455002784729,3.26062989234924,4.39212989807129,3.51003003120422,3.41822004318237,3.5096099376678502,3.76031994819641,3.57255005836487,3.2621200084686297,3.29264998435974,3.3101000785827597,3.32651996612549,3.8105800151825
95,Honduras,HND,,,,,,,,,,,,,,5.874929904937741,7.0901198387146,6.412970066070559,,,6.06746006011963,
96,Heavily indebted poor countries (HIPC),HPC,2.59340000152588,2.707200050354,2.63659501075744,,3.0292599201202406,3.02347505092621,,,2.7592850923538195,3.23272001743317,3.50222992897034,3.2822449207305895,3.20938992500305,3.39098501205445,3.85620999336242,3.7357950210571302,3.09609007835388,3.7873098850250204,3.54720997810364,
97,Croatia,HRV,,,3.81978011131287,3.8643798828125,3.81904006004334,,,3.96519994735718,4.281829833984379,4.391839981079101,4.24204015731812,4.150109767913819,,4.5648698806762695,,,,3.9171299934387203,,
98,Haiti,HTI,,,,,,,,,,,,,,,3.0245199203491198,3.1572299003601096,2.4495899677276602,2.6894500255584703,2.78046989440918,
99,Hungary,HUN,4.86840009689331,4.9310097694397,5.1792302131652805,5.791150093078611,5.33585977554321,5.330920219421389,5.29608011245728,5.14305019378662,4.97358989715576,4.95804023742676,4.7612099647522,4.59010982513428,4.163859844207759,4.19773006439209,4.61743021011353,4.51866006851196,4.6553897857666,4.6670999526977495,,
100,IBRD only,IBD,3.90146005153656,3.7711249589920097,3.78507506847382,3.8643798828125,3.69885003566742,3.8992999792099,3.90346002578735,3.82490491867066,4.16206502914429,4.48398017883301,4.24204015731812,4.150109767913819,3.8675000667572004,4.09911012649536,,,4.41101002693176,4.30766010284424,,
101,IDA & IBRD total,IBT,3.4301700592041002,3.50342011451721,3.38608002662659,3.4589049816131605,3.3488450050354,3.51213002204895,3.6690599918365496,3.60984992980957,3.92627000808716,4.25346994400025,3.8823900222778303,3.81939995288849,3.69000506401062,3.8014900684356703,4.068289995193481,4.12771010398864,3.96209001541138,4.0885901451110795,,
102,IDA total,IDA,2.59340000152588,2.90390992164612,2.82522010803223,,3.0292599201202406,3.3096399307251,,,3.3444299697876,3.3560199737548797,3.5210149288177504,3.1024799346923797,3.47949004173279,3.45445990562439,4.005110025405879,3.93996512889862,3.4193000793457,4.03133010864258,3.69643998146057,
103,IDA blend,IDB,,,,,2.6508849859237595,2.46844506263733,,,,,4.25094008445739,,5.50903987884521,5.53926491737366,5.28021001815796,4.91640496253967,5.362669944763179,5.324010133743291,4.40865004062652,
104,Indonesia,IDN,,2.46003007888794,2.6456899642944305,3.21799993515015,2.74847006797791,2.8728199005127,,3.04425001144409,2.90190005302429,3.52513003349304,2.8122799396514906,3.18944001197815,3.40748000144959,3.35904002189636,3.28800988197327,3.58360004425049,,,,
105,IDA only,IDX,2.61943995952606,2.90390992164612,2.77578997612,,3.0760049819946302,3.3646399974823,3.4035000801086404,,3.403559923172,3.61195003986359,3.5210149288177504,3.1024799346923797,3.34443998336792,3.3275101184845,3.69521999359131,3.75254499912262,3.2576950788497903,3.80347990989685,3.69643998146057,
106,Isle of Man,IMN,,,,,,,,,,,,,,,,,,,,
107,India,IND,4.32479000091553,,,3.61340999603271,3.35254001617432,3.18875002861023,3.14284992218018,,,3.27824997901917,3.377690076828,3.7961800098419203,3.8675000667572004,3.84467005729675,,,,,,
108,Not classified,INX,,,,,,,,,,,,,,,,,,,,
109,Ireland,IRL,4.1366400718689,4.0918698310852095,4.10604000091553,4.2055401802063,4.4862999916076705,4.522160053253169,4.54550981521606,4.71224021911621,5.4441499710083,6.135089874267581,6.03804016113281,5.85826015472412,5.7657299041748,5.33460998535156,4.88139009475708,3.75829005241394,3.7197299003601096,3.5068600177764906,,
110,"Iran, Islamic Rep.",IRN,4.03064012527466,4.07168006896973,4.48487997055054,4.36322021484375,4.29662990570068,4.05650997161865,4.2899899482727095,4.59680986404419,3.91375994682312,3.8424499034881605,3.70918011665344,3.4849700927734397,3.16859006881714,3.0679500102996804,2.8013501167297403,2.79738998413086,3.3657600879669203,3.7904000282287598,3.9553599357605,
111,Iraq,IRQ,,,,,,,,,,,,,,,,,,,,
112,Iceland,ISL,6.4471697807312,6.73002004623413,7.31757020950317,7.254779815673831,7.15629005432129,7.35609006881714,7.29924011230469,6.9887199401855495,7.10258007049561,7.18424987792969,6.97847986221313,6.81823015213013,7.596360206604,7.491219997406009,7.68858003616333,7.5129098892211905,7.49521017074585,7.65821981430054,,
113,Israel,ISR,6.11802005767822,6.376910209655759,6.4663801193237305,6.349530220031741,5.9443998336792,5.759759902954099,5.76049995422363,5.50217008590698,5.53543996810913,5.4945502281189,5.5353498458862305,5.56688022613525,5.699810028076169,5.88489007949829,5.79265022277832,5.8673000335693395,5.85713005065918,6.0926198959350595,,
114,Italy,ITA,4.29107999801636,4.65009021759033,4.43240976333618,4.54179000854492,4.38520002365112,4.23829984664917,4.52545022964478,4.1050300598144505,4.38794994354248,4.523719787597661,4.334119796752931,4.11568021774292,4.05601978302002,4.14367008209229,4.06127977371216,4.07362985610962,3.8157899379730202,4.04493999481201,,
115,Jamaica,JAM,4.9834699630737305,5.381030082702639,5.37522983551025,4.25684976577759,3.91254997253418,4.61641979217529,,5.49022006988525,6.19131994247437,6.198480129241941,6.37060022354126,6.26664018630981,6.112460136413571,6.25108003616333,6.016540050506589,5.45577001571655,5.31508016586304,5.2606201171875,5.414780139923099,5.16918992996216
116,Jordan,JOR,,,,,,,,,,,,,,,,,3.5141201019287096,3.28404998779297,3.03434991836548,3.07253003120422
117,Japan,JPN,3.51617002487183,3.45707011222839,3.4653699398040803,3.52368998527527,3.483069896698,3.3686199188232404,3.3290901184082,3.3309400081634504,3.3191499710082994,,3.63949990272522,3.6425800323486297,3.6922600269317596,3.66538000106812,3.5905900001525897,,3.1861801147460898,3.18217992782593,,
118,Kazakhstan,KAZ,3.25661993026733,,3.0297000408172594,,2.25590991973877,2.26353001594543,2.62678003311157,2.8313899040222203,2.5894598960876496,3.06071996688843,,,,,,2.7885799407958998,2.97810006141663,2.75081992149353,2.61595010757446,
119,Kenya,KEN,5.1867299079895,5.20621013641357,6.17199993133545,6.49426984786987,6.796929836273191,7.3356499671936,7.04983997344971,,,,5.50822019577026,5.33528995513916,5.50903987884521,5.41137981414795,5.28021001815796,5.27133989334106,5.362669944763179,5.36668014526367,5.30625009536743,
120,Kyrgyz Republic,KGZ,3.50838994979858,3.85418009757996,4.44545984268188,4.47541999816895,4.62243986129761,4.87383985519409,5.549860000610349,6.46700000762939,5.913189888000491,6.2326798439025906,5.81883001327515,6.7906198501586905,7.3842301368713406,6.780200004577639,5.53159999847412,5.98550987243652,6.5861501693725595,6.026189804077151,,
121,Cambodia,KHM,1.65599000453949,1.72221994400024,1.7112100124359098,,1.7198200225830098,,,1.5993000268936202,,1.6656800508499099,1.53378999233246,1.51068997383118,1.56089997291565,2.0505399703979497,1.90938997268677,,,,2.16285991668701,
122,Kiribati,KIR,11.185870170593299,11.9881200790405,,,,,,,,,,,,,,,,,,
123,St. Kitts and Nevis,KNA,4.611090183258059,4.26530981063843,3.79239010810852,3.66258001327515,3.80363988876343,3.62899994850159,4.05925989151001,4.1938099861145,,,,,,,,2.6434600353241,,,,
124,"Korea, Rep.",KOR,,,,,,,,,,,,,,,,,4.33309984207153,,,
125,Kuwait,KWT,,6.585830211639401,6.551109790801999,,5.53506994247437,4.73833990097046,3.75997996330261,,,,,,,,,,,,,
126,Latin America & Caribbean (excluding high income),LAC,3.94893002510071,4.04286015033722,3.88385510444642,3.5350499153137203,3.9744799137115496,,4.02246499061584,4.08301019668579,4.832239866256709,5.4635500907897905,4.83382987976074,4.72689008712769,4.64307022094727,5.00464010238647,5.2606201171875,4.99870014190674,4.27918004989624,4.52281999588013,,
127,Lao PDR,LAO,1.5036900043487502,1.9902800321579,2.82522010803223,,2.4130001068115203,2.4140899181366,2.95879006385803,3.07841992378235,2.27854990959167,1.65485000610352,1.70978999137878,1.70801997184753,1.82147002220154,3.2338099479675297,2.9378099441528303,,,,,
128,Lebanon,LBN,,2.84148001670837,2.5527100563049303,,2.64094996452332,2.64618992805481,2.77975988388062,2.58357000350952,2.01479005813599,1.76570999622345,1.61330997943878,1.6525199413299598,2.14808988571167,2.43245005607605,,,,,,
129,Liberia,LBR,,,,,,,,,1.7016600370407098,,,,1.7771199941635099,1.7346600294113201,2.27909994125366,,,2.76128005981445,2.5841200351715097,
130,Libya,LBY,,,,,,,,,,,,,,,,,,,,
131,St. Lucia,LCA,,5.707330226898191,,3.5344901084899902,3.4364600181579603,4.23895978927612,4.69669008255005,,4.48353004455566,3.0676600933075,3.4828999042511,3.58823990821838,3.27298998832703,3.85984992980957,3.8806900978088397,3.86772990226746,5.2082800865173295,,3.33179998397827,
132,Latin America & Caribbean,LCN,3.77583003044128,3.84468007087708,3.88385510444642,3.5350499153137203,3.74560499191284,,3.79288995265961,3.85516512393952,4.6390898227691695,5.3257451057434,4.67062997817993,4.410675048828129,,5.00464010238647,5.2606201171875,4.93700504302979,4.618155002594,4.535510063171389,,
133,Least developed countries: UN classification,LDC,2.59340000152588,2.68282496929169,2.63659501075744,,2.81261992454529,2.97837996482849,,,2.77728009223938,2.957200050354,3.4213199615478502,2.58503496646881,2.87204003334045,3.2592300176620497,3.38488006591797,3.67008996009827,3.06023001670837,3.9093199968338,3.69643998146057,
134,Low income,LIC,2.64547991752625,3.1683149337768595,,,3.10713005065918,,,,3.01329505443573,,3.04429996013641,3.1024799346923797,3.04071497917175,3.06768000125885,3.3362950086593597,3.6323399543762203,3.0253399610519396,3.44906997680664,,
135,Liechtenstein,LIE,,,,2.46013998985291,2.4333300590515097,,2.0538098812103303,1.92119002342224,2.04836988449097,,,2.55604004859924,,,,,,,,
136,Sri Lanka,LKA,,,,,,,,,,2.05590009689331,1.71774005889893,1.8086099624633798,1.49617004394531,1.62107002735138,1.9328800439834601,2.22874999046326,3.4491999149322496,2.79924988746643,2.12420988082886,
137,Lower middle income,LMC,3.00160002708435,,3.2255799770355202,3.3740400075912405,3.35254001617432,3.54625010490417,3.60536003112793,,4.33913993835449,4.661630153656,4.5475800037384095,4.13754987716675,4.6936349868774405,4.668050050735469,4.53462481498718,,4.39289999008179,4.4305100440979,3.98943996429443,
138,Low & middle income,LMY,3.4301700592041002,3.6844849586486803,3.27149498462677,,3.28633499145508,3.5221800804138197,3.6690599918365496,3.60984992980957,3.9387800693512003,4.30935502052307,3.94457006454468,3.81939995288849,3.73681998252868,3.8014900684356703,4.03524994850159,4.07843017578125,3.82523989677429,4.07372999191284,,
139,Lesotho,LSO,10.0915498733521,9.36505031585693,10.1004495620728,13.2195701599121,11.1090097427368,12.0796604156494,11.271280288696301,,12.083499908447301,,,,,,,,,7.96331977844238,6.98518991470337,
140,Late-demographic dividend,LTE,3.8539900779724103,3.89494001865387,4.09362506866455,4.20755505561828,4.079349994659419,3.93859004974365,3.89148998260498,4.2911899089813295,4.3347749710083,4.7965099811554,4.9001400470733705,4.60902976989746,4.60969996452332,4.8785500526428205,4.89528512954712,4.70590019226074,4.639220237731929,4.535510063171389,,
141,Lithuania,LTU,,5.840380191802981,5.7925300598144505,5.1085100173950195,5.1691598892211905,4.87318992614746,4.82054996490479,4.5905499458313,4.834539890289309,5.57741022109985,5.312739849090581,5.1270899772644,4.76922988891602,4.60949993133545,4.49105978012085,4.2298898696899405,4.00394010543823,3.81282997131348,,
142,Luxembourg,LUX,,3.5557999610900897,,,,,,,,,,,4.09041023254395,,4.00789022445679,3.91820001602173,,3.56959009170532,,
143,Latvia,LVA,5.29064989089966,5.46503019332886,5.618460178375241,5.07451009750366,4.86113023757935,,4.71378993988037,4.65674018859863,5.395989894866941,5.55632019042969,5.07271003723145,4.93298006057739,6.58249998092651,6.98040008544922,5.27489995956421,5.31412982940674,4.712989807128911,4.39711999893188,,
144,"Macao SAR, China",MAC,3.34086990356445,2.73401999473572,2.86199998855591,2.79764008522034,2.24564003944397,2.2906498908996604,2.20638990402222,2.05451989173889,2.20792007446289,2.5464699268341096,2.62949991226196,2.68518996238709,3.33735990524292,2.0498600006103502,2.0320599079132102,2.98169994354248,3.07790994644165,2.68988990783691,2.7386999130249,
145,St. Martin (French part),MAF,,,,,,,,,,,,,,,,,,,,
146,Morocco,MAR,,,,,,,,,5.34215021133423,5.26064014434814,,,,,,,,,,
147,Monaco,MCO,1.2553600072860702,,,,1.2438600063324,,,,,1.35459005832672,1.3173500299453702,1.5898900032043501,1.7800400257110602,1.3344000577926598,1.02195000648499,,1.37092995643616,1.45792996883392,,
148,Moldova,MDA,4.486390113830571,4.84684991836548,5.497910022735599,5.424890041351321,6.77103996276855,7.16270017623901,7.498990058898929,8.293370246887209,8.237270355224611,9.5097599029541,7.592299938201901,7.136380195617679,6.98338985443115,,6.2660198211669895,,5.6084499359130895,5.6184401512146,5.43973016738892,
149,Madagascar,MDG,2.4386899471283,2.707200050354,2.23179006576538,2.61094999313354,2.81261992454529,3.3096399307251,2.8309700489044203,2.9027400016784703,2.55433988571167,2.82512998580933,,2.38168001174927,2.34067010879517,1.77693998813629,2.3812301158905,2.21011996269226,2.6871900558471697,,2.82548999786377,
150,Maldives,MDV,,,5.79186010360718,5.32406997680664,4.66160011291504,5.0168399810791,4.64523983001709,4.41788005828857,4.4702901840210005,5.774930000305179,4.117469787597661,3.50659990310669,3.76038002967834,3.80012011528015,3.47045993804932,4.36654996871948,4.09970998764038,,,
151,Middle East & North Africa,MEA,,6.20182991027832,,,5.37147998809814,,4.2899899482727095,,4.46613502502441,,,,,,,,,,,
152,Mexico,MEX,3.99243998527527,4.24104022979736,4.45495986938477,5.07257986068726,4.72670984268188,4.84568977355957,4.6999201774597195,4.69050979614258,4.82006978988647,5.18794012069702,5.15922021865845,5.10564994812012,5.1030998229980495,4.69605016708374,5.2606201171875,5.2352399826049805,4.90949010848999,4.52281999588013,,
153,Marshall Islands,MHL,,,8.20897960662842,11.819800376892099,,,,,,,,,,,,,,,,
154,Middle income,MIC,3.60743999481202,3.70852994918824,3.39690506458282,3.64597499370575,3.4865200519561803,3.8992999792099,3.86626005172729,3.6549800634384195,4.18591022491455,4.57174015045166,4.52456498146057,4.13754987716675,4.01585495471954,4.12402009963989,4.53462481498718,,4.08115005493164,4.39409494400025,,
155,North Macedonia,MKD,,,3.3001499176025404,,,,,,,,,,,,,,,,,
156,Mali,MLI,2.9715600013732897,2.65844988822937,2.8962299823761,3.8055999279022203,3.85922002792358,3.5221800804138197,,,3.403559923172,3.8690400123596205,3.3438899517059304,3.75423002243042,3.47949004173279,3.2846500873565696,3.6480700969696005,3.80150008201599,3.09609007835388,3.7873098850250204,,
157,Malta,MLT,,,4.146259784698491,,4.47433996200562,,,5.98134994506836,5.57061004638672,5.17037010192871,6.45488977432251,7.79612016677856,6.5224299430847195,7.87614011764526,7.204949855804441,5.216350078582759,5.2075400352478,4.82437992095947,,
158,Myanmar,MMR,,,,,,,,,,,,0.7874400019645691,,,,,,2.08768010139465,1.92288994789124,1.93208003044128
159,Middle East & North Africa (excluding high income),MNA,,,,,,,,,4.46613502502441,,,,,,,,,,,
160,Montenegro,MNE,,,,,,,,,,,,,,,,,,,,
161,Mongolia,MNG,5.55037021636963,,7.21078014373779,,4.32572984695435,,,4.69013023376465,,5.14484977722168,4.645100116729741,4.60902976989746,5.195209980010991,4.94077014923096,4.714849948883059,4.1769900321960405,5.18061017990112,4.0885901451110795,,
162,Northern Mariana Islands,MNP,,,,,,,,,,,,,,,,,,,,
163,Mozambique,MOZ,,,,,3.3451499938964804,4.01986980438232,3.88306999206543,,,,,,5.67216014862061,6.1153302192688,,,5.8650398254394505,5.505559921264651,5.49984979629517,
164,Mauritania,MRT,,2.10683989524841,2.27714991569519,2.36501002311707,1.9507999420166,,1.9585100412368799,,,,,2.33102011680603,2.15821003913879,2.2935400009155296,,,1.94405996799469,,,1.89546000957489
165,Mauritius,MUS,3.7691099643707298,3.11486005783081,3.06089997291565,4.41583013534546,4.31306982040405,4.07819986343384,3.6975100040435804,3.18540000915527,3.06307005882263,3.04731011390686,3.5514700412750204,3.33207011222839,3.41820001602173,3.61578989028931,4.91695022583008,4.886670112609861,5.01359987258911,5.02312994003296,4.83458995819092,4.7193498611450195
166,Malawi,MWI,5.24797010421753,4.50897979736328,,3.2156600952148398,,,,,,,3.53979992866516,4.1526198387146005,,5.4161701202392605,4.83983993530273,5.60866022109985,4.74856996536255,4.03133010864258,4.71483993530273,
167,Malaysia,MYS,5.9716100692749,7.48446989059448,7.65792989730835,7.5028800964355495,5.92389011383057,,4.48576021194458,4.37253999710083,3.95851993560791,5.97418022155762,4.966450214385991,5.762939929962161,5.73902988433838,5.48120021820068,5.21263980865479,4.89486980438232,4.75191020965576,4.67756986618042,4.48125982284546,4.16318988800049
168,North America,NAC,5.44199991226196,4.96956014633179,5.010729789733889,,,4.78214979171753,,4.78036022186279,4.63825988769531,4.85264015197754,5.36992979049683,5.27443981170654,,4.931049823760991,4.96174001693726,,,,,
169,Namibia,NAM,6.991390228271481,7.04744005203247,6.8991999626159695,6.27487993240356,,,6.15645980834961,,6.4839801788330105,,8.34961032867432,,,,,,,,,
170,New Caledonia,NCL,,,,,,,,,,,,,,,,,,,,
171,Niger,NER,2.56264996528625,2.28120994567871,2.40162992477417,1.9363000392913798,,,2.56341004371643,3.03008008003235,2.74129009246826,3.3560199737548797,2.7447099685668905,3.1024799346923797,3.20938992500305,3.71428990364075,5.127449989318849,4.4946799278259295,2.9904499053955096,2.5816500186920197,3.54720997810364,
172,Nigeria,NGA,,,,,,,,,,,,,,,,,,,,
173,Nicaragua,NIC,3.00160002708435,,2.39101004600525,2.42200994491577,,,,,,,4.4842200279235795,,,,4.0832800865173295,4.07843017578125,4.08115005493164,4.35767984390259,,
174,Netherlands,NLD,4.58512020111084,4.69964981079102,4.80590009689331,5.0404200553894,5.06297016143799,5.109399795532231,5.04402017593384,4.88682985305786,5.02904987335205,5.43156003952026,5.48908996582031,5.46303987503052,5.4102201461792,5.5265598297119105,5.458899974823001,5.34815979003906,5.47959995269775,5.1750998497009295,,
175,Norway,NOR,6.46726989746094,6.83062982559204,7.43729019165039,7.41635990142822,7.2982702255249,6.86506986618042,6.3827600479126,6.53439998626709,6.2852201461792,7.103370189666751,6.74633979797363,6.4545202255249,7.37470006942749,7.48535013198853,7.69504022598267,7.569330215454099,8.03055000305176,7.91198015213013,,
176,Nepal,NPL,2.9751501083374,3.7083799839019798,3.15283989906311,3.11435008049011,3.17194008827209,3.3646399974823,3.60536003112793,3.5172100067138703,3.8051700592041002,4.6637601852417,3.63172006607056,3.84261989593506,3.76116991043091,3.4746499061584504,3.9930200576782204,3.70358991622925,4.44098997116089,5.51837015151978,5.10206985473633,
177,Nauru,NRU,,,,,,,,4.24615001678467,,,,,,,,,,,,
178,New Zealand,NZL,,6.56049013137817,6.40699005126953,6.4375300407409695,6.512030124664309,6.2789602279663095,5.95276021957397,5.915939807891849,5.50616979598999,6.280670166015629,7.00128984451294,6.93487977981567,7.150629997253421,6.6999797821044895,6.3444499969482395,6.337389945983889,6.433350086212161,6.28366994857788,,
179,OECD members,OED,4.7814002037048295,4.96468496322632,5.1792302131652805,5.09151005744934,4.9618649482727095,4.93913984298706,4.86410999298096,4.71224021911621,4.9334499835968,5.43156003952026,5.39120984077454,5.1144900321960405,4.99497509002686,5.13511013984681,5.14438509941101,5.10685014724731,5.0071101188659695,4.99449515342712,,
180,Oman,OMN,3.20023989677429,4.02030992507935,4.32506990432739,3.89697003364563,4.02837991714478,3.51722002029419,3.8593399524688703,,,4.187749862670899,,,,4.9701099395752,,,,,,
181,Other small states,OSS,5.33242988586426,5.03142499923706,4.9360899925232,5.5439701080322195,5.13947987556458,6.2866702079772905,6.243364810943611,,5.98067998886108,6.19893503189087,5.00652003288269,4.0122399330139205,3.21580004692078,3.61578989028931,4.91695022583008,,,5.02312994003296,,
182,Pakistan,PAK,1.8378200531005902,,,,1.7675900459289597,2.04972004890442,2.3955099582672097,2.63527011871338,2.74622988700867,2.5907800197601296,2.28687000274658,2.22175002098084,2.13628005981445,2.49343991279602,2.46592998504639,2.6500198841095,3.00291991233826,2.8995199203491198,,
183,Panama,PAN,4.75968980789185,4.10587978363037,4.19163990020752,4.16870021820068,3.5786600112915,,,,3.50229001045227,,,3.15900993347168,,,,,,,,
184,Peru,PER,3.22802996635437,3.03712010383606,2.82056999206543,2.9377999305725098,2.9578700065612797,2.83903002738953,2.6528100967407204,2.62940001487732,2.8677499294281,3.13994002342224,2.86730003356934,2.6635000705719,2.92276000976563,3.29729008674622,3.69599008560181,3.96933007240295,3.8131699562072794,3.93130993843079,3.7231600284576403,3.8472900390625
185,Philippines,PHL,3.1644001007080096,2.9246399402618395,2.89222002029419,2.9351799488067596,2.46983003616333,2.3280699253082298,2.42579007148743,2.48517990112305,2.5828299522399902,2.53777003288269,,,,,,,,,,
186,Palau,PLW,8.0280704498291,7.71560001373291,7.52929019927979,,,,,,,,,,,,,,,,,
187,Papua New Guinea,PNG,,,,,,,,,,,,,,,,,,1.96493005752563,1.9308899641036998,
188,Poland,POL,4.99361991882324,5.329750061035161,5.39797019958496,5.33218002319336,5.355740070343019,5.426119804382321,5.205780029296879,4.868370056152339,5.04047012329102,4.9891300201416,5.06842994689941,4.82011985778809,4.81181001663208,4.9401102066039995,4.90918016433716,4.812260150909419,4.639220237731929,4.55956983566284,,
189,Pre-demographic dividend,PRE,2.57802498340607,2.65844988822937,2.6793200969696,,3.0292599201202406,2.8871700763702406,,,2.67623507976532,,3.45038497447967,2.93462491035462,3.04071497917175,3.2846500873565696,3.6480700969696005,3.67008996009827,3.0781600475311297,4.03133010864258,3.69643998146057,
190,Puerto Rico,PRI,,,,,,,,,,,,,,6.48108005523682,6.07265996932983,,,,,
191,"Korea, Dem. Peopleâ€™s Rep.",PRK,,,,,,,,,,,,,,,,,,,,
192,Portugal,PRT,5.1638498306274405,5.3371300697326705,5.25871992111206,5.28152990341187,5.04638004302979,5.073949813842769,4.90767002105713,4.92147016525269,4.69609022140503,5.56314992904663,5.41248989105225,5.12333011627197,4.94940996170044,5.2709698677063,5.12400007247925,4.88554000854492,,5.0156102180481,,
193,Paraguay,PRY,4.2302098274231,3.83357000350952,3.4077301025390603,3.3827600479126,2.86989998817444,,,2.73951005935669,,,2.77293992042542,3.69727993011475,3.6675400733947794,,,,3.43833994865417,,,
194,West Bank and Gaza,PSE,,,,,,,,,,,6.725470066070559,5.70270013809204,5.1326799392700195,5.30249977111816,,5.14135980606079,5.7177300453186,5.2523398399353,,
195,Pacific island small states,PSS,,,,,,,,,,,,,,,,,,,,
196,Post-demographic dividend,PST,4.86840009689331,4.94540977478028,5.1792302131652805,5.19501996040345,5.1691598892211905,5.109399795532231,4.985310077667241,4.88682985305786,4.86799001693726,5.08582019805908,5.36992979049683,5.12333011627197,4.95658016204834,5.04048013687134,5.14438509941101,5.2059202194213805,5.05725502967834,5.06993007659912,,
197,French Polynesia,PYF,,,,,,,,,,,,,,,,,,,,
198,Qatar,QAT,3.72598004341125,3.2001900672912598,3.8465600013732897,3.3739399909973105,3.46258997917175,3.97187995910645,,,4.22755002975464,3.4131500720977797,4.53965997695923,4.0122399330139205,3.50744009017944,4.07384014129639,3.6053500175476096,,,2.86383008956909,,2.6953499317169203
199,Romania,ROU,2.8686299324035605,3.2662899494171103,3.5041298866272004,3.54397010803223,3.31273007392883,3.50039005279541,4.30650997161865,4.14953994750977,4.0971999168396005,4.00213003158569,3.49537992477417,3.0594298839569105,2.9540998935699503,3.04938006401062,3.1264200210571302,3.10676002502441,2.97410988807678,3.09539008140564,,
200,Russian Federation,RUS,2.93979001045227,3.1060199737548797,3.8350200653076203,3.67853999137878,3.5478699207305895,3.7719299793243395,3.86626005172729,,4.101749897003169,,,,3.79310011863709,3.7638299465179403,4.01387977600098,3.8340299129486097,3.7604401111602797,4.6899099349975595,,
201,Rwanda,RWA,4.0951099395752,5.66606998443604,,,,,,3.9723300933837904,3.4898900985717796,,4.61529016494751,4.36721992492676,4.40365982055664,4.72194004058838,4.1797800064086905,3.6323399543762203,3.4193000793457,3.11083006858826,3.0737500190734903,
202,South Asia,SAS,2.5501151084899902,,,3.11435008049011,2.55604004859924,3.18875002861023,2.76917994022369,2.63527011871338,2.74622988700867,2.5907800197601296,3.377690076828,2.84187996387482,2.38984990119934,2.97394990921021,3.08057498931885,2.95290994644165,3.4491999149322496,3.47919487953186,,
203,Saudi Arabia,SAU,5.9098200798034695,7.71887016296387,7.6368899345397905,7.105090141296389,6.27747011184692,5.4309201240539595,5.89117002487183,,5.13781023025513,,,,,,,,,,,
204,Sudan,SDN,1.01217997074127,,1.42644000053406,,1.6298999786377,1.5630700588226298,1.96301996707916,,2.20143008232117,2.21867990493774,,,,,,,,,,
205,Senegal,SEN,2.4941198825836204,2.60248994827271,2.6793200969696,2.7721099853515603,3.04487991333008,4.05773019790649,3.76968002319336,,3.98678994178772,4.87013006210327,5.182519912719731,4.87895011901855,4.7331600189209,5.672500133514401,5.720210075378421,5.45637989044189,5.11309003829956,4.6249699592590305,4.8332800865173295,
206,Singapore,SGP,3.32130002975464,3.54249000549316,3.87853002548218,3.9819400310516397,3.65276002883911,3.19596004486084,2.85911989212036,2.9467499256133998,2.76460003852844,3.0101299285888703,3.08044004440308,3.03077006340027,3.0708599090576203,2.8543500900268595,,,,,,
207,Solomon Islands,SLB,,,,,,,,9.87994956970215,8.80091953277588,8.973259925842289,9.86063003540039,,,,,,,,,
208,Sierra Leone,SLE,4.94936990737915,3.4327199459075897,3.54527997970581,3.26061010360718,3.10713005065918,2.7969799041748,,2.5585100650787402,2.4131700992584197,2.7781400680542006,2.58863997459412,2.6689000129699703,2.87204003334045,2.37981009483337,2.66291999816895,,3.06023001670837,4.63576984405518,6.989630222320559,7.7022800445556605
209,El Salvador,SLV,2.83868002891541,,3.2428400516509996,3.13467001914978,,3.1778500080108603,3.49298000335693,3.60984992980957,4.45810985565186,4.65950012207031,4.04806995391846,3.8984999656677206,3.71247005462646,3.8014900684356703,3.8241600990295397,3.90987992286682,3.82523989677429,3.7252299785614,3.59242010116577,
210,San Marino,SMR,,,,,,,,,,,2.6288399696350098,2.70296001434326,,,,,,3.37033009529114,3.59285998344421,
211,Somalia,SOM,,,,,,,,,,,,,,,,,,,,
212,Serbia,SRB,,,,,,,,4.20983982086182,4.44199991226196,4.48398017883301,4.32780981063843,4.2383599281311,4.16420984268188,,3.9269800186157204,3.78902006149292,3.64026999473572,3.71509003639221,3.5853900909423797,
213,Sub-Saharan Africa (excluding high income),SSA,2.64670991897583,3.55069994926453,3.10662496089935,,3.1083800792694105,3.41591000556946,3.4350099563598597,,3.3444299697876,3.86788010597229,3.5210149288177504,3.1024799346923797,3.47949004173279,3.30608010292053,4.0171999931335405,3.80150008201599,3.09609007835388,3.91740500926972,3.98943996429443,
214,South Sudan,SSD,,,,,,,,,,,,0.9628900289535519,,1.0245000123977699,1.23246002197266,1.4655599594116202,1.54390001296997,,,
215,Sub-Saharan Africa,SSF,2.80913496017456,3.4327199459075897,3.06089997291565,,3.10963010787964,3.5221800804138197,3.56625998020172,,3.2853000164032,3.61195003986359,3.53979992866516,3.21727502346039,3.4488450288772596,3.3275101184845,4.03524994850159,4.14809000492096,3.2576950788497903,4.03133010864258,4.3037650585174605,
216,Small states,SST,4.9834699630737305,5.03142499923706,4.9080498218536395,4.8435001373291,4.877349853515629,5.5499150753021205,,,6.19131994247437,6.198480129241941,5.47338008880615,4.4910800457000795,3.41820001602173,3.8448150157928502,5.14201521873474,,,5.14187502861023,,
217,Sao Tome and Principe,STP,,,2.72058010101318,3.2469298839569105,3.23470997810364,4.85645008087158,4.27118015289307,6.28682994842529,5.5544900894165,10.6779003143311,9.65147018432617,,6.3395099639892605,5.93969011306763,3.74883008003235,3.8645000457763703,5.17306995391846,5.08415985107422,5.14906978607178,
218,Suriname,SUR,,,,,,,,,,,,,,,,,,,,
219,Slovak Republic,SVK,3.86468005180359,3.9356999397277797,4.24539995193481,4.20956993103027,4.10157012939453,3.75995993614197,3.70770001411438,3.52321004867554,3.5216500759124796,4.00641012191772,4.08471012115479,3.92964005470276,3.8677000999450697,4.076489925384521,4.2213602066039995,4.59954023361206,3.91171002388,3.9391300678253196,,
220,Slovenia,SVN,,5.756830215454099,5.67286014556885,5.70333003997803,5.64425992965698,5.60408020019531,5.59066009521484,5.1166100502014205,5.109519958496089,5.55496978759766,5.54546022415161,5.541259765625,5.620230197906491,5.4057297706604,5.29169988632202,4.90953016281128,4.80178022384644,4.78323984146118,,
221,Sweden,SWE,6.740149974823001,6.61764001846313,6.924349784851071,6.791429996490481,6.66310977935791,6.5064001083374,6.3642902374267605,6.17158985137939,6.34455013275146,6.74971008300781,6.52268981933594,6.366919994354251,7.5369701385498,7.611209869384769,7.573729991912839,7.4439001083374,7.6186199188232395,7.56883001327515,,
222,Eswatini,SWZ,5.508480072021481,4.83824014663696,4.44086980819702,5.81677007675171,5.40160989761353,6.48462009429932,6.5547599792480495,,6.61812019348145,6.471350193023679,6.11837005615234,6.86432981491089,,,7.07032012939453,,,,,
223,Sint Maarten (Dutch part),SXM,,,,,,,,,,,,,,,,,,,,
224,Seychelles,SYC,,,5.1933298110961905,5.374929904937741,,,4.77012014389038,,,,,3.6064400672912598,2.6139299869537402,3.6081299781799303,4.08368015289307,,4.42102003097534,,,
225,Syrian Arab Republic,SYR,,4.36048984527588,5.04693984985352,6.48084020614624,5.37147998809814,,5.34600019454956,4.87197017669678,4.59525012969971,5.13013982772827,,,,,,,,,,
226,Turks and Caicos Islands,TCA,4.71883010864258,4.84300994873047,5.06913995742798,4.72877979278564,,2.5409998893737797,,,,,,,,,,3.15744996070862,,,2.9143500328064,
227,Chad,TCD,2.64670991897583,2.42614006996155,,,1.59294998645782,1.69476997852325,,,,2.3117399215698198,1.98194003105164,2.25789999961853,2.20615005493164,2.8507099151611297,,,,2.45481991767883,,
228,East Asia & Pacific (IDA & IBRD countries),TEA,4.20893001556396,2.69233500957489,2.89222002029419,,2.74847006797791,,,3.07841992378235,3.5085000991821302,3.8619399070739706,4.07677006721497,4.60902976989746,4.8659598827362105,4.53239512443542,4.00142991542817,,,,3.16515493392945,
229,Europe & Central Asia (IDA & IBRD countries),TEC,3.34339499473572,3.3842399120330797,3.34311497211456,3.6112550497055094,3.3802150487899705,3.6420300006866495,3.86626005172729,3.96519994735718,4.16206502914429,4.32261490821839,4.24204015731812,4.150109767913819,3.90556514263154,4.31953501701355,4.8183097839355495,3.81152498722077,3.86126506328583,4.00481510162354,,
230,Togo,TGO,3.9209001064300497,3.76704001426697,3.4874498844146697,3.32609009742737,3.10963010787964,3.15978002548218,3.4350099563598597,3.51062989234924,3.2853000164032,3.86788010597229,4.096350193023681,4.3092999458313,4.719200134277339,4.42364978790283,4.784550189971919,5.10860013961792,4.95558023452759,4.98975992202759,5.36956977844238,
231,Thailand,THA,5.25345993041992,4.817870140075679,3.86491990089417,3.7256100177764906,4.03088998794556,3.93859004974365,4.05038022994995,3.60314989089966,3.5085000991821302,3.8619399070739706,3.5084400177002,4.80555009841919,4.53670978546143,4.12402009963989,,,,,,
232,Tajikistan,TJK,2.32871007919312,2.3765900135040297,2.77578997612,2.4207899570465097,2.77203011512756,3.51213002204895,3.4035000801086404,3.41326999664307,3.4598300457000697,4.0983099937439,4.00675010681152,3.93511009216309,4.01803016662598,,,5.23138999938965,,,,
233,Turkmenistan,TKM,,,,,,,,,,,,,3.04924988746643,,,,,,,
234,Latin America & the Caribbean (IDA & IBRD countries),TLA,3.6435199975967403,3.8391250371932997,3.7503700256347696,3.4589049816131605,3.5786600112915,,3.6690599918365496,3.6273200511932404,4.45810985565186,5.18794012069702,4.50743007659912,4.410675048828129,4.64307022094727,4.9415950775146396,4.99578499794007,4.93700504302979,4.618155002594,4.535510063171389,,
235,Timor-Leste,TLS,,,,,,,,,8.670590400695799,12.9034996032715,11.1076402664185,10.0756998062134,7.241869926452639,5.66715002059937,7.51547002792358,8.43325996398926,8.05193996429443,7.06049013137817,6.79295015335083,
236,Middle East & North Africa (IDA & IBRD countries),TMN,,,,,,,,,4.46613502502441,,,,,,,,,,,
237,Tonga,TON,4.94077014923096,4.5325598716735795,3.7923200130462598,4.16012001037598,3.9080400466918905,,,,,,,,,,,,,,,
238,South Asia (IDA & IBRD),TSA,2.5501151084899902,,,3.11435008049011,2.55604004859924,3.18875002861023,2.76917994022369,2.63527011871338,2.74622988700867,2.5907800197601296,3.377690076828,2.84187996387482,2.38984990119934,2.97394990921021,3.08057498931885,2.95290994644165,3.4491999149322496,3.47919487953186,,
239,Sub-Saharan Africa (IDA & IBRD countries),TSS,2.80913496017456,3.4327199459075897,3.06089997291565,,3.10963010787964,3.5221800804138197,3.56625998020172,,3.2853000164032,3.61195003986359,3.53979992866516,3.21727502346039,3.4488450288772596,3.3275101184845,4.03524994850159,4.14809000492096,3.2576950788497903,4.03133010864258,4.3037650585174605,
240,Trinidad and Tobago,TTO,2.75565004348755,3.06528997421265,3.5430099964141806,3.1366000175476096,,,,,,,,,,,,,,,,
241,Tunisia,TUN,6.201980113983151,6.20182991027832,5.790030002593991,6.81673002243042,6.72077989578247,6.4515700340271,6.43859004974365,6.465519905090329,6.27219009399414,6.528480052948001,6.2548098564147905,,6.250370025634769,,,6.59601020812988,,,,
242,Turkey,TUR,2.52907991409302,2.6543400287628196,2.7489399909973105,2.8766300678253196,3.02020001411438,,2.7506299018859903,,,,,,,,,,,,,
243,Tuvalu,TUV,,,,,,,,,,,,,,,,,,,,
244,Tanzania,TZA,,,,,3.56122994422913,3.54625010490417,3.00991988182068,4.03342008590698,4.18591022491455,3.9607601165771498,4.54169988632202,,,,3.38488006591797,,,4.4305100440979,3.69643998146057,
245,Uganda,UGA,2.461669921875,,,,4.95237016677856,,,,,,1.74151003360748,2.3176898956298797,1.8121600151062,1.88643002510071,1.9303599596023602,2.34049010276794,2.15535998344421,2.27204990386963,2.13052010536194,
246,Ukraine,UKR,4.1662302017211905,4.68506002426147,5.4386301040649405,5.60786008834839,5.31350994110107,6.064410209655759,6.21479988098145,6.15720987319946,6.43621015548706,7.31801986694336,,6.16237020492554,6.69232988357544,6.67165994644165,5.87493991851807,,5.0097799301147505,5.4122600555419895,,
247,Upper middle income,UMC,3.94893002510071,3.7711249589920097,3.57905006408691,3.70207500457763,3.51719498634338,3.93859004974365,3.9100899696350098,3.6826400756835898,3.95851993560791,4.4264600276947,4.417619943618781,3.96781992912292,3.73032009601593,4.07420015335083,,,3.8131699562072794,4.0925002098083505,,
248,Uruguay,URY,2.4225499629974396,2.80096006393433,2.32220005989075,2.0682098865509,2.49954009056091,2.71475005149841,2.88025999069214,,,,,4.35526990890503,,,,,4.75909996032715,4.8403000831604,5.047589778900151,
249,United States,USA,,,,,,,,,,,,,,4.931049823760991,4.96174001693726,,,,,
250,Uzbekistan,UZB,,,,,,,,,,,,,,6.09001016616821,6.02526998519897,5.78637981414795,5.66772985458374,5.2813401222229,,
251,St. Vincent and the Grenadines,VCT,7.91380977630615,,7.8019900321960405,8.637829780578612,,6.35081005096436,,5.6710300445556605,,5.68978023529053,5.085229873657231,,,,,,5.73339986801147,5.7319598197937,5.69377994537354,
252,"Venezuela, RB",VEN,,,,,,,3.6690599918365496,3.6273200511932404,,6.874680042266849,,,,,,,,,,
253,British Virgin Islands,VGB,,2.9047698974609397,,,,3.04632997512817,3.57675004005432,3.15190005302429,,3.47628998756409,3.81699991226196,,,,,5.13478994369507,,2.35898995399475,2.46599006652832,
254,Virgin Islands (U.S.),VIR,,,,,,,,,,,,,,,,,,,,
255,Vietnam,VNM,,,,,,,,,4.88674020767212,4.8165001869201705,5.13721990585327,4.81372022628784,5.53328990936279,5.65199995040894,,,4.34481000900269,,4.167449951171879,
256,Vanuatu,VUT,7.0036301612854,8.95114994049072,8.13175010681152,8.44172954559326,,,,,5.78303003311157,5.0129499435424805,,,,,4.91083002090454,5.39081001281738,,4.53353023529053,,
257,World,WLD,3.86468005180359,4.02030992507935,3.97255992889404,4.06743991374969,3.99435985088348,4.05650997161865,4.00178003311157,4.1050300598144505,4.34125995635986,4.6637601852417,4.53965997695923,4.27214002609253,4.207535028457641,4.52942991256714,4.629459857940669,4.624320030212401,4.45910000801086,4.5291650295257595,,
258,Samoa,WSM,3.58293008804321,3.82628989219666,3.84138989448547,,,,,,5.14420986175537,,,,,,,,4.1622200012207005,,,
259,Kosovo,XKX,,,,,,,,,,,,,,,,,,,,
260,"Yemen, Rep.",YEM,9.64552021026611,9.23766040802002,,,,,,,5.15143013000488,,,,,,,,,,,
261,South Africa,ZAF,5.443580150604251,5.15948009490967,5.06621980667114,4.86485004425049,5.06891012191772,5.06319999694824,5.072569847106929,4.97414016723633,4.86600017547607,5.2486901283264205,5.72173976898193,,,,,5.95619010925293,5.94285011291504,6.11305999755859,6.15898990631104,6.50505018234253
262,Zambia,ZMB,1.7881900072097798,,,,2.46342992782593,1.73553001880646,,1.2407599687576298,1.0997200012207,,,,,,,4.624320030212401,3.7479200363159197,3.72965002059937,4.61809015274048,
263,Zimbabwe,ZWE,,,,,,,,,,,1.5440599918365498,,6.07020998001099,5.99597978591919,6.13835000991821,,,5.81877994537354,5.8713498115539595,
